{"products":[{"title":"Trash Panda","image":"https://imagesvc.meredithcorp.io/v3/mm/image?url=https%3A%2F%2Fstatic.onecms.io%2Fwp-content%2Fuploads%2Fsites%2F34%2F2021%2F07%2F14%2Fracoon-inside-trashcan-gett-0721-2000.jpg","date":"2023-03-02","description":"If you need more chaos in your life","rating":"3","cost":"5","comments":[{"email":"test011@test.com","text":"laalalaalalalla"}],"id":"7317faec-71eb-4b11-be50-0980e7f56f02"},{"title":"Unicorn","image":"https://img.freepik.com/free-vector/silhouette-unicorn-hologram-gradient-background_1048-12923.jpg","date":"2023-02-01","description":"You may have stopped believing in unicorns. But they never stopped believing in you.","rating":"5","cost":"100","comments":[],"id":"f1e39324-6695-4cb5-bd78-77b2ee5ad9f2"},{"title":"Magnifying Glass","image":"https://5.imimg.com/data5/FU/NC/MY-12958160/ring-magnifying-glass-1000x1000.jpg","date":"1955-01-04","description":"Did you hear about the penny and magnifying glass who got married?\nTheir wedding was magnifycent.","rating":"3","cost":"15","comments":[],"id":"b6c928ca-2d7b-4e8a-a512-575657dacc8e"},{"title":"Serial Killer Knife","image":"https://www.machinegun-figures.com/products_img/14813/C_6.jpg","date":"2023-02-21","description":"Old and rusty","rating":"1","cost":"20","comments":[],"id":"73113108-8ec0-4e25-8fb0-d1f817d7884d"},{"title":"Broccoli","image":"https://upload.wikimedia.org/wikipedia/commons/0/03/Broccoli_and_cross_section_edit.jpg","date":"2023-01-03","description":"Best bud for all the fitness fanatics","cost":"4","rating":"5","comments":[],"id":"46242ddc-f971-4505-bee8-0788eaf133ec"},{"title":"Apples","image":"https://images.everydayhealth.com/images/apples-101-about-1440x810.jpg","date":"2023-01-03","description":"Keeps the doctor away","cost":"6","rating":"5","comments":[{"email":"test011@test.com","text":"test comment"},{"email":"test011@test.com","text":"Another test comment"},{"email":"test011@test.com","text":"Test"},{"email":"test011@test.com","text":"New comment"}],"id":"a83ff838-b0cc-43cd-8fa3-8d505de69100"},{"title":"Chocolate","image":"https://food.fnr.sndimg.com/content/dam/images/food/fullset/2020/01/14/0/FNK_CHOCOLATE_COVERED_STRAWBERRIES_H.jpg.rend.hgtvcom.406.305.suffix/1579042627182.jpeg","date":"2023-01-03","description":"Who doesn't like it?","cost":"15","rating":"4","comments":[{"email":"test@test.com","text":"Some test comment"},{"email":"test@test.com","text":"Another comment"}],"id":"d3409e18-0cc3-4cd4-9a54-84b529186714"},{"title":"Coffee","image":"https://media.cnn.com/api/v1/images/stellar/prod/150929101049-black-coffee-stock.jpg?q=x_3,y_1231,h_1684,w_2993,c_crop/w_800","date":"2023-01-03","description":"Coffee beans of highest quality","cost":"10","rating":"5","comments":[{"email":"test011@test.com","text":"Test"}],"id":"d8324529-2b8e-40a5-b65d-38dac774a574"}],"users":[{"email":"test@test.com","password":"$2a$12$bjNXJRhoujiGVydvLFG1t.ApWFlDZKls2mgUyi7gHtLnwNC3mp02e","id":"1933debf-d032-44f6-b753-e216023c7f35"},{"email":"test011@test.com","password":"$2a$12$IbIkTMNmFEyp706f31Clg.STP3ZULnLlU.04WxgD7zUZdRvIcEpFK","id":"7073a09c-8c2b-44fb-8ae4-87f6ddeb40b3"},{"email":"elena@test.com","password":"$2a$12$loYSCCfsyKrF5qZH1p9paeEwVpeER54AGdtxyXZ5BXToRopnkDfGy","id":"f19c8826-84de-4afd-a1e6-fb623d1a9411"}]}